name,first,last,middle,title,suffix
Digay morrell,Digby,Morrell,,,
Alered J. Ley,Alfred,Lewy,J,,
aarpod Bron,Harpdog,Brown,,,
Rrane Rottineaner,Franz,Rottensteiner,,,
Mam eendeson,Sam,Henderson,,,
aron lerate,Aaron,LaCrate,,,
drefor Fearson,Trevor,Ferguson,,,
Crant eeleson,Grant,Nelson,,,
Katey Carth,Cathy,Caruth,,,
Sopie Crum,Sophie,Crumb,,,
Jen ashort,Jenn,Ashworth,,,
Ionatan Oolder,Jonathan,Hoefler,,,
Dadid Rherec___iko,David,Chernushenko,,,
Jorg Ttenek,Joerg,Steineck,,,
nndrew Picen,Andrew,Pinsent,,,
Olllreorns Mous,Alexandros,Mouzas,,,
Hohn Annus mampell,John,Campbell,Angus,,
Shris batttine,Chris,Batstone,,,
Cerion Thomes,Ceiron,Thomas,,,
edel selimi,Adel,Sellimi,,,
vath salaway,Faith,Soloway,,,
Iom Zenines,Tom,Jennings,,,
Fic stauk,Vic,Stasiuk,,,
Anthone Garhana,Anthony,Caruana,,,
Lyon Aapod,Leon,Hapgood,,,
Gmily Omit,Emily,Osment,,,
Rom Flar,Dom,Flora,,,
Miniadas mera,Mindaugas,Murza,,,
Bobe Reese,Bob,Reece,,,
Dowbles Bavies,Douglas,Davies,,,
Ahorn Collomons,Aharon,Solomons,,,
steme Well,Steven,Weil,,,
Qary iminet,Gary,Emineth,,,
Timity Fruw,Timothy,Grucza,,,
Cylve Boys,Sylvie,Roy,,,
rob Hhee_fild,Rob,Sheffield,,,
iichel Khe,Michel,Che,,,
Gaarar Abiks,Jaafar,Aksikas,,,
Wil Ittle,Will,Tuttle,,,
aances Emnt,Vanessa,Ament,,,
Mar logen,Marc,Logan,,,
cory woob-lk,Corey,Woolfolk,,,
iishel Te,Michelle,Ye,,,
Robart N. ghangn,Robert,Chatigny,N,,
Miss Eelefin Dettreaff,Misa,Retzlaff,Telefoni,,
Nary qol_ring,Mary,Goldring,,,
Cusan Wettr_berb brage,Susan,Prager,Westerberg,,
Yopthanes Uurl,Yohannes,Yual,,,
Shirisher sorentina,Christopher,Sorrentino,,,
Ellis Ghagat,Alexis,Bhagat,,,
Dadid eerno Villiams,David,Williams,Vernon,,
Cuollerm Roue,Guillermo,Roux,,,
Willim J. Yly,William,Ely,J,,
Olan Iope,Alan,Roper,,,
Bobe Davens,Bob,Havens,,,
Cusan Crictse,Susan,Christie,,,
Po Hampto,Bo,Hampton,,,
Wil Tiko,Will,Tiao,,,
Quetin E. primo III,Quintin,Primo,E,,III
Jeogery Dalbon,Geoffrey,Bayldon,,,
elfecufici Reaps,Ulf-Dietrich,Reips,,,
valimair yuesheknk,Vladimir,Yurchenko,,,
Noboo unatmu,Nobuo,Uematsu,,,
Foug Mmscosh,Doug,McIntosh,,,
Vai Muchanik,Avi,Muchnick,,,
Robbin aachorson,Robin,MacPherson,,,
uudi silivin,Judi,Silvano,,,
Avelin Linder,Evelin,Lindner,,,
Robart S. Fold,Robert,Gold,S,,
Ogges Balta,Agnes,Baltsa,,,
Gowwall Himwa,John-Paul,Himka,,,
Illha Qimion,Elisha,Qimron,,,
Robart Crant Ering,Robert,Irving,Grant,,
Latta Ierbers,Katja,Herbers,,,
Chak Dislop,Shaka,Hislop,,,
Mertin Vfeson,Martin,Iveson,,,
evaa Haberman,Eva,Habermann,,,
steve sastle,Steve,Castle,,,
Arme Va,Armen,Ra,,,
Dadid Thangonhy,David,Shaughnessy,,,
Eean Grein,Dean,Greig,,,
Laha Balavana,Maha,el-Samnah,,,
farere Gackoon,Fredrik,Jacobson,,,
Ondrood Uungut,Anerood,Jugnauth,,,
Nhald Rhanahhin,Khalid,Khannouchi,,,
Uuan Fablo Tontaa,Juan,Montoya,Pablo,,
iskkkaka Intouk III,Ichikawa,Ennosuke,,,III
Thilry Erenr marray,Shirley,Murray,Erena,,
Caaver Rrar,Cajjmere,Wray,,,
nna koovovia,Anna,Kournikova,,,
ajbbel Farth Blasiso,Abdel,el-Sisi,Fattah,,
Rrank milliar Jr,Frank,Millar,,,Jr
Annus Glark,Angus,Clark,,,
Gassy masee,Casey,McKee,,,
al Hardsto,Al,Hairston,,,
Abert Uppizi,Albert,Apuzzi,,,
Pon Shaman,Ron,Shuman,,,
Christime aanga,Christine,Langan,,,
Keneth Hames Giskon,Kenneth,Gibson,James,,
Bruse Tuullo,Bruce,Tulloh,,,
Osser Nilini,Oscar,Milani,,,
Pike trelklfock,Mike,Trebilcock,,,
Ramir Corre,Ramiro,Torres,,,
steme Pont,Steven,Point,,,
iicter Clude,Victor,Clube,,,
Jistrita Heertelta,Viktoriya,Yermolyeva,,,
Moann Jackon,Moana,Jackson,,,
Karlos Dea,Carlos,Bea,,,
hossin Moddersosi,Hossein,Modarressi,,,
Jooph Masscici,Joseph,Massucci,,,
gragr sharles Fivers,Gregory,Rivers,Charles,,
engell Coner,Angela,Conner,,,
Arik aarmrak,Erik,Marcisak,,,
Wanil Fal,Daniel,Falzon,,,
Codurd Hillip Notoak,Conrad,Kottak,Phillip,,
Marylyn Holl patele,Marilyn,Patel,Hall,,
hhigie Dio,Zhijie,Qiu,,,
ellison Both,Allison,Booth,,,
yilade Hhilb_lt,Yolande,Thibeault,,,
Anied ernak,Annie,Ernaux,,,
Sameron Tharp,Cameron,Sharp,,,
Favie Shau,Rajiv,Shah,,,
frit Rolketea,Frits,Bolkestein,,,
nne Keles,Anne,Kellas,,,
Qary Fia,Gary,Fila,,,
Ale Reccim_che,Aled,de Malmanche,,,
Jan Cheree_dson,Jane,Shepherdson,,,
seiko Leer,Seiko,Lee,,,
aarbar Kolbe,Barbara,Kolb,,,
Eevian Drray,Tevian,Dray,,,
Tedeny Shaak,Yevgeniy,Chazov,,,
Kefon qlicaman,Kevon,Glickman,,,
lealis R. londrom,Leslie,Landrum,R,,
ooleden Disill,Colleen,McGill,,,
Willim Decing,William,Dehning,,,
Jimy Rorlell,Jimmy,Dorrell,,,
Nichall Pertelus,Michael,Petrelis,,,
Jan Nellor,Ian,Mellor,,,
Enoono Deness Sailian,Antonio,Saillant,Meneses,,
Veniitiala Goneina,Ventimiglia,Giovanni,,,
entonilo boni,Antonello,Bonci,,,
ardian brooks,Adrian,Brooks,,,
wd Fublet,Ed,Rubbert,,,
gard Iol,Gerard,Toal,,,
rtruro J. Marcano Geavra,Arturo,Guevara,J Marcano,,
Dam Sarravross,Cam,Cairncross,,,
Foug Peveron,Doug,Heveron,,,
steme arrs,Steven,Marrs,,,
Eel offeclels,Axel,Ockenfels,,,
Naroo iichel,Mario,Michel,,,
Werel Dtone,Terrell,Stone,,,
Hames P. Liautad,James,Liautaud,P,,
Vobbe Bouk,Robbie,Buck,,,
Cantatore Ruso,Salvatore,Russo,,,
Jereey beck,Jeremy,Beck,,,
lora aannelives,Laura,Manuelidis,,,
farlo Nhaven,Pavlo,Khazan,,,
Verne Hays,Bernie,Hayes,,,
Emeninl pererentine,Emmanuel,Pierre-Antoine,,,
Isama Elopiaiki,Usama,Alshaibi,,,
Shot Bibble,Scott,Dibble,,,
joe B. aallen,Joe,Mauldin,B,,
Ctenfe J imith,Stephen,Smith,J,,
Clular Ban,Gulzar,Banu,,,
Dadid M. bicer,David,Becker,M,,
Willim Cipping,William,Kipsang,,,
Sonn oordent,Tony,Mordente,,,
endras Nl,Andreas,Alm,,,
Resllind Haras,Rosalind,Harris,,,
Weny britikin,Renny,Pritikin,,,
Chisity Furke,Christy,Burke,,,
Mar Flerry,Marc,Fleury,,,
Iery Odams,Jerry,Adams,,,
Ptt appell,Otto,Happel,,,
Gonice aalbork,Ronnie,Wallwork,,,
Corge Trent Micum IV,George,Mickum,Brent,,IV
Hohn acuuavia,John,Acquaviva,,,
"juse Iuis aafaroo, Jr.",Jose,Nazario,Luis,,Jr
Heny Foniall,Henry,Honiball,,,
Wandal Quarls,Randal,Quarles,,,
Cat Coro,Kat,Coiro,,,
Seter Paly,Peter,Bailey,,,
Pwen Remple,Owen,Temple,,,
logen Alrege,Logan,Aldridge,,,
Tobir Vreendone,Tobias,Frere-Jones,,,
Bavi Dowenana Yanamati,Davi,Yanomami,Kopenawa,,
ooland Desolve,Roland,De Wolfe,,,
Liz Mirhorprick,Kim,Kirkpatrick,,,
jdith Gack,Judith,Jacob,,,
clen Xine,Glen,Pine,,,
Sonn Iundon,Tony,Lundon,,,
Dadid aannore,David,Vanacore,,,
Jif maro,Jeff,Mauro,,,
Mddy Frd,Meddy,Ford,,,
Save Chome,Dave,Chomiak,,,
Arnastin Hukly,Ernestine,Huckleby,,,
Ilecc Taas,Alexi,Lalas,,,
Qordo Wk,Gordon,Wu,,,
Gon Wounds,Jon,Bounds,,,
Atus Vmberson Ban,Atu,Bain,Emberson,,
Tret yull,Brett,Hull,,,
Kechhik kole,Keyshia,Cole,,,
Feff Bong,Jeoff,Long,,,
mars Fick,Marcus,Vick,,,
Iom Nody,Tom,Noddy,,,
guy sorman,Guy,Sorman,,,
Ctenfe casidy,Stephen,Cassidy,,,
Jank Michan,Jack,McMahan,,,
Aonald Kaababano,Ronald,Caltabiano,,,
Endu Thahin,Indu,Shahani,,,
Artar Iold__koc,Arthur,Goldstuck,,,
Robart Wat,Robert,Watt,,,
Liss Tose apreaman,Lisa,Apramian,Rose,,
Raada Olem,Raja'a,Alem,,,
Nasa__biki Akirco,Kasugafuji,Akihiro,,,
Bruse Tesster,Bruce,Webster,,,
Qary R. Vobberts,Gary,Roberts,R,,
ken Monko,Ken,Monkou,,,
Mar Batan,Marc,Butan,,,
aathic Hoo,Mathias,Woo,,,
Bruse edouphe,Bruce,Adolphe,,,
Sindey Samo,Sidney,Samson,,,
Sear Coulain,Kerr,Cuhulain,,,
Hohn aerrow,John,Merrow,,,
Goneina Karra,Giovanni,Carrara,,,
Fendun honing,Henkjan,Honing,,,
Seter iigen,Peter,Eigen,,,
Anrey Buriev,Andrey,Kuraev,,,
Ulice Morimagialal,Alice,Doria-Gamilla,,,
sharles lurturne,Charles,Lafortune,,,
Jooph Garreet,Joseph,Garrett,,,
Sstred Sunami,Astrid,Yunadi,,,
Hames Dank,James,Danko,,,
Wanil Jansen,Daniel,Janssen,,,
eaatong Men,Xiao-Gang,Wen,,,
Gunair svenso,Gunnar,Svensson,,,
Iade ghael,Hadi,Ghabel,,,
ionanda Feccichili,Gioconda,Vessichelli,,,
Aasiso Millino,Massimo,Milano,,,
harvey Aittel,Harvey,Pittel,,,
Narat dasmmat,Marat,Dzhumaev,,,
gan Oopins,Jan,Hopkins,,,
Seter Waur,Peter,Naur,,,
Bivio Zeviai,Nivio,Ziviani,,,
Bbbol Galam Asimi,Abdul,Azimi,Salam,,
ca. aaragharh Therimar__m,K,Thiruvengadam,Vardachari,,
nna Varmies,Anna,Parzymies,,,
Naga Foid,Nagwa,Fouad,,,
hhuck Tartbel,Chuck,Hartlieb,,,
Jif Uuden,Jeff,Juden,,,
Hanna Becinsho,Hasna,Benhassi,,,
Nat Hppenim,Matt,Oppenheim,,,
Yeterenri lyyy_hoa,Yekaterina,Lobysheva,,,
Olan Oover,Alan,Moir,,,
Elilife Feat Mmscosh,Elizabeth,McIntosh,Peet,,
Fevin Samtan,Devyani,Saltzman,,,
Kalyle oolida,Carlyle,Holiday,,,
vare Ubbs,Fakhar,Abbas,,,
ich brodi,Rich,Bordi,,,
Yay Nanconill,Ray,MacDonnell,,,
Louna bhoth,Lorna,Boothe,,,
Dhane valinte,Shane,Valenti,,,
Doddy Iges,Dudley,Riggs,,,
lealis Araven,Leslie,Craven,,,
Sarrie Underpood,Carrie,Underwood,,,
Valrae Mits,Valerie,Pitts,,,
Yay Canaso,Ray,Sansom,,,
ardian Read,Adrian,Reynard,,,
jaym inambar,Qayyum,Inamdar,,,
Grgag Markar,Gregg,Karukas,,,
Freg Atterhlat,Greg,Otterholt,,,
Nark Popping,Mark,Poepping,,,
Ce. D. Bane,C,Payne,D,,
jdith Doonoll,Judith,McConnell,,,
Iia Mhilfers,Liam,Chilvers,,,
Den Straton,Ben,Stratton,,,
Fussll Red,Russell,Reid,,,
Thomes B. Harpar,Thomas,Hayward,B,,
Shris Naran,Chris,Karan,,,
nndrew Pernatin,Andrew,Bernstein,,,
leas Veavit,Lewis,Leavitt,,,
Nirella Paarto,Mirella,Parutto,,,
Hohn mireal,John,McGreal,,,
Iamd Allamaaami,Hamoud,Al-Dalhami,,,
Nary ann Nila,Mary,Lila,Ann,,
Gios edveries,Gijs,de Vries,,,
Eerart wwer,Herbert,Wimmer,,,
Hohn E. Thomes,John,Thomas,E,,
aarbar Cucker,Barbara,Tucker,,,
Cevin ligo,Kevin,Lygo,,,
Lana Imaga,Tana,Umaga,,,
fiand Nonlosi,Ferdinand,Knobloch,,,
Andre purgin,Andrei,Purgin,,,
Seter maurer,Peter,Maurer,,,
Paal Iilsson,Paul,Willson,,,
Gerrad Stheacher,Gerald,Steinacher,,,
Seter friti,Peter,Fritz,,,
Lera Kanary,Leura,Canary,,,
Richel Bare,Rachel,Barr,,,
Berick Charef,Derrick,Shareef,,,
Keneth inks,Kenneth,Binks,,,
Dadid witt,David,Witt,,,
Hohn Laverbor,John,Ladenburg,,,
Jereey Cale Vobberts,Jeremy,Roberts,Dale,,
Willim Shetti,William,Chetcuti,,,
Raivi Wiztina,Rajiva,Wijesinha,,,
Wuben Suckras,Ruben,Zackhras,,,
ken Iilllders,Ken,Gillanders,,,
Hohn Deks,John,Deeks,,,
Sacha aadetey,Sascha,Radetsky,,,
steve Ronthal,Steve,Rosenthal,,,
Cortble boaddode,Portable,Bodycode,,,
Anthone Thele,Anthony,Whelan,,,
Deda Opi,Debra,Opri,,,
Chrichapse aamaiso,Christophe,Lamaison,,,
Spenser teathey,Spencer,Trethewy,,,
Cristian siccilina,Christian,Picciolini,,,
Aatn ronule,Nathan,Runkle,,,
hundear messin,Hunegnaw,Mesfin,,,
Hann Gareal,Hanna,Gabriel,,,
Hohn Bospall Laver,John,Maver,Boswell,,
Bichlas Bomanis,Nicholas,Doumanis,,,
Hohn Pelamy Coster,John,Foster,Bellamy,,
Llata Ban,Aleta,Baun,,,
Anwrd Leith,Edward,Leigh,,,
amos Biwit,Amos,Biwott,,,
hharle oorwin,Charlie,Corwin,,,
allie Iitter,Aslie,Pitter,,,
steme Fearson,Steven,Ferguson,,,
Carten sust,Carsten,Juste,,,
Jooph Irgo,Joseph,Urgo,,,
iilimi Tobuta,Viliami,Toluta'u,,,
Mick Stelling,Nick,Sterling,,,
don Choon,Don,Cahoon,,,
Tana iibert,Tania,Libertad,,,
Asilla Talt Reigerger,Azila,Reisenberger,Talit,,
Y. G. Thetell,M,Sheftall,G,,
holter Grapam,Holter,Graham,,,
Oli Saterdine Allooloirni,Ali,Al-Bayanouni,Sadreddine,,
Trent Penent,Brent,Bennett,,,
Den Hankurd,Ben,Tankard,,,
Ulrch shulef,Ulrich,Schulze,,,
Nell Rossons,Neil,Cossons,,,
Ellin Frinc,Elaine,Princi,,,
Iiti mcall,Mitzi,McCall,,,
arm Vevi_digrem,Harm,van Veldhoven,,,
Jooph Aation,Joseph,Nation,,,
Hary Iraud,Harry,Fraud,,,
Gen Eeek,Gene,Leek,,,
Lane essepen,Lene,Espersen,,,
Derato Fulu,Derartu,Tulu,,,
Nell Landoak,Neil,Landau,,,
Carthein Crage,Cathrine,Grage,,,
Tode Carnel,Todd,Parnell,,,
Undrea Foulfes,Andrea,Foulkes,,,
Iabakkki Jattori,Takayuki,Hattori,,,
Waller Ctalletion,Walker,Stapleton,,,
rechir Pui,Ruchir,Puri,,,
Eelisol Uufer Mare,Melissa,Maur,Auf der,,
Pike Smat,Mike,Smartt,,,
Grewors Scheader,Grzegorz,Schreiber,,,
Illan wezecker,Allan,Weisbecker,,,
Cevin Micride,Kevin,McBride,,,
teed Hermays,Ted,Henrys,,,
Paal Veeston,Paul,Beeston,,,
Eudy Carmishel,Judy,Carmichael,,,
Nhald Alllaw,Khalid,AlSaleh,,,
Dadid Peper,David,Perper,,,
Niki Cato,Mikio,Sato,,,
Iliver Seean,Oliver,Sean,,,
Olan K. stout,Alan,Stout,K,,
shanging Iang,Ching-Ming,Wang,,,
brady Kenet,Brady,Kennett,,,
Ionatan rrons,Jonathan,Aronson,,,
nna cove_lhot,Anna,Kovalchuk,,,
Fetesch Hale,Getatchew,Haile,,,
Qb. calan_spian,B,Palaniappan,,,
Hoo Heesbong,Hee-young,Woo,,,
Nichall Dishal,Michael,Mikhail,,,
Jooph Rorn kadan,Joseph,Kadane,Born,,
Olan W. Mefrow,Alan,Meerow,W,,
Sik cchovild,Dick,Schofield,,,
sharles Awit,Charles,Swift,,,
iarry Hirt,Larry,Hirst,,,
Tostishic Narse,Yoshihisa,Naruse,,,
Straan vrechust,Stefaan,Verhulst,,,
Lasin Kowbbala,Kasia,Kowalska,,,
Riche nessel,Richard,Kessel,,,
Aseey levin,Aubrey,Levin,,,
Roner Codment,Roger,Godement,,,
Vrenda hharnalin,Brenda,Chamberlain,,,
Sriano Eedows,Brian,Meadows,,,
Tssosahi Haadighm,Tsuyoshi,Yamaguchi,,,
Frosen Cana,Frozan,Fana,,,
trag iillies,Craig,Gillies,,,
Yanny onfil,Danny,O'Neil,,,
Antha Beton,Anthea,Benton,,,
nndrew S. hrodon,Andrew,Haydon,S,,
Dadid Arb,David,Erb,,,
Pwen Huterly,Owen,Hatherley,,,
Read yt. Nark,Reed,Mark,St,,
Raph iwowowo,Ralph,Iwowari,,,
Yosi Gadt,Yoshi,Wada,,,
sharles moony,Charles,Mooney,,,
sharles Finly,Charles,Figley,,,
asay Shanbis,Saxby,Chambliss,,,
Ionatan Vondate,Jonathan,Woodgate,,,
Nark Ttte,Mark,Tatge,,,
syllian Neab Qhumk,Sylvain,Chumbu,Ngabu,,
Sriano Letch,Brian,Leetch,,,
Rosan Wokch,Rosann,Wowchuk,,,
Iilipla Gattani,Filippo,Gaetani,,,
Ctenfe Ruddisush,Stephen,Raudenbush,,,
Olan Person,Alan,Pierson,,,
vath ihll,Faith,Hill,,,
Seter faanery,Peter,Flannery,,,
Ginaloa attanaco,Gianluca,Attanasio,,,
Alen Larence Ppe,Allen,Pope,Lawrence,,
Lidea horretoknono,Lidija,Horvat-Dunjko,,,
iarry Cchaman,Garry,Schyman,,,
Thomes Javey,Thomas,Gaffey,,,
aatali Cills,Natalia,Kills,,,
Uon___sis mickon,Jon-Lewis,Dickinson,,,
miugel engel Varevilo,Miguel,Varvello,Angel,,
Bryn aantill,Bryan,Cantrill,,,
sharles Fott,Charles,Foti,,,
ospell scua,Osmel,Sousa,,,
Nichall Kowan,Michael,Coogan,,,
Aonald S. Cullian Jr.,Ronald,Sullivan,S,,Jr
Ggn Yay Alen,Gwyn,Allen,Jay,,
fhil Smail,Phil,Small,,,
Anwrd Hid,Edward,Hide,,,
Dadid Doorkin,David,Dworkin,,,
Piulam Ihong,Pui-lam,Chung,,,
rob oucald,Rob,Oswald,,,
Gon Bron,Jon,Brown,,,
Sik Costums,Dick,Posthumus,,,
Ihenk ferneceniarmin,Henk,van den Breemen,,,
Lartos Prens,Bartosz,Brenes,,,
Relena Wallston,Belinda,Wollaston,,,
Gen Eilder,Gene,Wilder,,,
aance Famis,Lance,Davis,,,
Nmit patele,Amit,Patel,,,
amail Iasinl,Jamil,Hasanli,,,
Apmed Nada Chebbb,Ahmed,Chebbi,Najib,,
Fren Bladow,Oren,Bloedow,,,
Crant niselt,Grant,Nisbett,,,
Romsh datra,Romesh,Batra,,,
Liz koco Aponoto,Kim,Iwamoto,Coco,,
Skot sraasastenater,Scot,Gresham-Lancaster,,,
Shala Hastar,Khalifa,Haftar,,,
Julet Corn_son,Juliet,Sorensen,,,
Cerward Stammior,Gerhard,Streminger,,,
Neena Leer,Meena,Lee,,,
jean falitin,Jean,Valentine,,,
enders sanderge,Anders,Sandberg,,,
Shot quett,Scott,Guyett,,,
Jophan Schiedeveansani,Johann,Schneider-Ammann,,,
Darel Abers,Karel,Aalbers,,,
Aoward Mocbolit,Howard,Moskowitz,,,
Shris Norteropp,Chris,Northrop,,,
Yay Sroke,Ray,Crooke,,,
sechin Putren,Sachin,Puthran,,,
Gom-man Liz,Jong-min,Kim,,,
Them Holf,Thom,Wolf,,,
Sonn Beysl,Tony,Beasley,,,
nndrew Kam,Andrew,Lam,,,
Rais_no Perden Drito,Raymundo,Brito,Perdigon,,
irica Semen,Ivica,Senzen,,,
Awelih Work,Ayelech,Worku,,,
Bell Laymasin,Bill,Lachemann,,,
Hohn C. harness,John,Harkness,C,,
Riche J. Pernatin,Richard,Bernstein,J,,
Bariko Rana,Darijo,Srna,,,
Robart H. Cuming,Robert,Cumming,H,,
Seter haddeck,Peter,Haddock,,,
Binald J. Jutuna,Donald,Kutyna,J,,
Corge Atan Pillia,George,Billias,Athan,,
endrow Dones,Andruw,Jones,,,
Grash Heakic,Arash,Hejazi,,,
fhil Marrock,Phil,Mudrock,,,
meimlibags arroyoo,McWilliams,Arroyo,,,
Flovenc Crede__-luce,Florence,Brudenell-Bruce,,,
Ionatan Toukin,Jonathan,Toubin,,,
Remanan reagami,Ramazan,Rragami,,,
nicle Kirman,Nicole,Kidman,,,
Oldg braga,Oleg,Brega,,,
Dadid Dowle,David,Bowie,,,
Shot sandge,Scott,Sandage,,,
Clea Glacesse,Klea,Blackhurst,,,
rhyl myater,Rhyll,McMaster,,,
Rraves Eeller,Travis,Keller,,,
Iom Uurich,Tom,Jurich,,,
Undrea Coat,Andrea,Coote,,,
Mariam grose,Miriam,Gross,,,
Mertin A. Leer,Martin,Lee,A,,
Qordo Crae Surrie,Gordon,Currie,Gray,,
Qary Nichall Cppetata,Gary,Cappetta,Michael,,
Nark Penchi,Mark,Benecke,,,
Evell Ieger,Evelyn,Regner,,,
Nnatly Ledebbo,Anatoly,Lebedko,,,
Rimmactair Gona,Ramachandra,Gowda,,,
drefor Qrove,Trevor,Grove,,,
Nichall Palller,Michael,Waller,,,
Gerrad Acher,Gerald,Asher,,,
Milll Dasarry,Niall,McGarry,,,
Chys Onfefe,Rhys,O'Keeffe,,,
Reabeca northin,Rebecca,Northan,,,
Yr. P. Murne,R,Mukne,P,,
Jone Veasaruar,Joan,Le Mesurier,,,
Antry randleli,Andry,Rajoelina,,,
Eugen Vananolor,Eugene,Van Taylor,,,
iarry C. Ulsen,Larry,Olsen,C,,
Meising un,Mei-Ting,Sun,,,
sharles Lernhan,Charles,Kernaghan,,,
hossin Bar_amend,Hossein,Baharvand,,,
Yomy ohslon,Tommy,Ohlsson,,,
inno Essalra,Nino,Escalera,,,
Hady Arkas,Hadley,Arkes,,,
Lim Vvans,Tim,Evans,,,
Roge Dmomino,Cogie,Domingo,,,
Hohn Phister,John,Chichester,,,
jdith exerecting,Judith,Esser-Mittag,,,
Andre Dabtby,Andrei,Babitsky,,,
corrin Pilling,Corbin,Billings,,,
Coorio Linga,Giorgio,Lingua,,,
Egor Vamon,Igor,Vamos,,,
Jefery yt. Clar,Jeffrey,Clair,St,,
Iuis Elborto Donge,Luis,Monge,Alberto,,
Mmy nathew,Amy,Matthews,,,
Boys gerla,Roy,Gerela,,,
Chisity Pash gas,Christy,case,Walsh,,
Murtua Apmed Dhan,Murtaza,Khan,Ahmed,,
franco P. Creperata,Franco,Preparata,P,,
Manchem Z. Cocecsac,Menachem,Rosensaft,Z,,
Bell aler,Bill,Ayer,,,
adbalil A. Shabs,Abdulalim,Shabazz,A,,
Ce. Ce. Dridedater,C,Bridgewater,C,,
Uancele Comission,Janelle,Commissiong,,,
Uuan Sasacebrobakaton coriane,Juan,Soriano,Pascual Azor%C3%ADn,,
Cristosch Breper,Christoph,Dreher,,,
Ramir Chon,Ramiro,Choc,,,
Emana Loneare,Amanda,Longacre,,,
harvey Botorm,Harvey,Bostrom,,,
Nome silrman,Noam,Zylberman,,,
Robart Bett,Robert,Petit,,,
Hhan Daton,Shaun,Caton,,,
ancy Ams,Nancy,Ames,,,
Ilica sectinia,Alicja,Gescinska,,,
Jsh Baks,Josh,Banks,,,
Mucian Crange,Lucian,Grainge,,,
Hohn Tornif,John,Tarnoff,,,
Clire sroul,Claire,Sproule,,,
ryan Kalus,Ryan,Callus,,,
nne Deckon,Anne,Dickson,,,
Llen Proce,Glenn,Price,,,
Eelisol Rranner,Melissa,Trainer,,,
Tars sustesfon,Lars,Gustafsson,,,
Ab mustai lalepagiane,Abu,al-Sheibani,Mustafa,,
Neada Vatill,Neeraj,Patil,,,
Harmama aankk,Hiromasa,Tanaka,,,
nna Fril,Anna,Friel,,,
sekou Adna,Sekou,Odinga,,,
Cevin Cary,Kevin,Carey,,,
"Yesse Jackon, Jr.",Jesse,Jackson,,,Jr
Hongy wwety,Johnny,Whitney,,,
Nihai pposal,Mihai,Apostol,,,
Ban mactrahe,Dan,Macarthur,,,
Hames Keneth logen,James,Logan,Kenneth,,
Mosit Fai,Rosita,Vai,,,
Uuren Na,Junren,Ma,,,
Nanny Packoko,Manny,Pacquiao,,,
Bily Wipen,Billy,Ripken,,,
Iom Ononenl,Tom,O'Donnell,,,
Grapam aatame,Graham,Latimer,,,
Jif Bats,Jeff,Datz,,,
Jif Mardrik,Jeff,Madrick,,,
Riche Chem,Richard,Chen,,,
wd. M. Hont,W,Hunt,M,,
Dadid N. Seley,David,Kelley,N,,
Qary Imel,Gary,Hymel,,,
Gareal Rover,Gabriel,Dover,,,
Khad creen,Chad,Green,,,
oosamar Edegill,Rosemary,Edghill,,,
Egor Becdaf_chits,Igor,de Rachewiltz,,,
aasel Agair,Hazel,Adair,,,
steve rivin,Steve,Rivkin,,,
Keneth sharles Bron,Kenneth,Brown,Charles,,
qoiliano sangergo,Giuliano,Sangiorgi,,,
Allece Kurin,Alexei,Kudrin,,,
Jogan Dayas Frich,Johan,Frisch,Dalgas,,
Hhan duggan,Shaun,Duggan,,,
Rowine Cwentinl,Roxanne,Swentzell,,,
Qary Siton,Gary,Winton,,,
Robart klatoa,Robert,Katona,,,
Mont Kassium,Monte,Cassim,,,
Aarek San__oshi,Marek,Janowski,,,
Debork creen,Debora,Green,,,
Dadid dimiti,David,Dimitri,,,
f. J. sharkar,P,Sudhakar,J,,
Bod Muececish,Bud,Muehleisen,,,
Marro Pernatin,Jarrod,Bernstein,,,
Drie Aoward,Brie,Howard,,,
Bobe Jaradali,Bob,Garibaldi,,,
Dichal Apas,Michal,Opas,,,
jean fout,Jean,Faut,,,
Pike pandy,Mike,Pandey,,,
Than Peton,Shawn,Pelton,,,
Paal Iimababa,Paul,Giambarba,,,
Eel Serer,Axel,Scherer,,,
Hung Chunani,Huang,Chuncai,,,
Qina Aale,Gina,Haley,,,
gragr Daivamy,Gregory,Haimovsky,,,
Mertin Anwrd Statenson,Martin,Stephenson,Edward,,
Ashat Issil,Aishat,Ismail,,,
fhil speling,Phil,Spalding,,,
Save Iusted,Dave,Husted,,,
"Ccan, lan",Ka Nin,Chan,,,
Marice Awan,Maurice,Swan,,,
Hudu Makoko,Audu,Maikori,,,
fans Uwrts,Frans,Zwarts,,,
guy saccarick,Guy,Sansaricq,,,
rustem Parodorfice,Rustem,Hayroudinoff,,,
Kare A. page,Karen,Page,A,,
wnrer Bar,Werner,Baer,,,
Iuisn Borfly,Lucien,Bourjeily,,,
Marice Cecer,Maurice,Seezer,,,
mervan C. Illeane,Mervyn,Alleyne,C,,
Bemi Gtarowk,Lemi,Ghariokwu,,,
Chars Bataks,Charis,Katakis,,,
Tarina Burran,Carina,Burman,,,
Spder Tren,Spyder,Turner,,,
asac Chuke,Isaac,Chueke,,,
bberon Zellaculest,Oberon,Zell-Ravenheart,,,
Chrichapse Fannrase,Christophe,Van Garsse,,,
"Sang, Fongare",Fong Har,Tang,,,
Hamara awrecaded_adiodder,Tamara,Awerbuch-Friedlander,,,
Bruse Dadid Nlein,Bruce,Klein,David,,
atan Pipi,Stan,Papi,,,
Nark uundesese,Mark,Juergensmeyer,,,
Asan bystab_tev,Aslan,Byutukayev,,,
derek Prindernouy,Derek,van der Kooy,,,
larince jartel,Laurence,Gartel,,,
Bobe Flodrowd,Bob,Flowerdew,,,
Trent Vicholoson Erle,Brent,Earle,Nicholson,,
Jhid Ullhe_w,Zahid,Al-Sheikh,,,
rudelph E. Tank,Rudolph,Tanzi,E,,
samul Iollder,Samuel,Hollander,,,
susune Pumer,Susanne,Pumper,,,
Jvm Cleer,Jim,Clymer,,,
Dadid allard,David,Ellard,,,
Save Calaccoc,Dave,Carlucci,,,
dranci Agoquesige,Francis,Edo-Osagie,,,
Sathak queriro,Patrick,Guerriero,,,
Anthone cecak,Anthony,Cekada,,,
Rrank Drinsly,Frank,Brinsley,,,
Sherel Todock,Cheryl,Woodcock,,,
Nell Wwituh,Neil,Whitworth,,,
Roner oover,Roger,Hoover,,,
don Sthends,Don,Stephens,,,
Coorio crorllinti,Giorgio,Corbellini,,,
nna mkacley,Anna,McCurley,,,
Nark Braslin,Mark,Breslin,,,
Lappos Phrostasmoes,Kypros,Chrysostomides,,,
erich tt,Erich,Ott,,,
Blase natidi,Blaise,Matuidi,,,
drefor Penemin,Trevor,Benjamin,,,
Quener ventra,Zuenir,Ventura,,,
Monny Vacalin,Donny,McCaslin,,,
Mmomed salaw Elabeab,Mohamed,El Azab,Salah,,
Mar Warters,Marc,Wauters,,,
Cary Cach,Carey,Cash,,,
Ulstair mcillister,Alastair,McAllister,,,
Riche Alen Famis,Richard,Davis,Allen,,
Afarim maroli,Efraim,Margolin,,,
ancy Cnmporenet,Nancy,Kemp-Arendt,,,
aarbar Bostok,Barbara,Bostock,,,
Kare acombid,Karen,McCombie,,,
basil Sithalrilize,Vasil,Sikharulidze,,,
Perre ohandera,Pierre,Hohenberg,,,
Shot Dhane,Scott,Shane,,,
Ale Forrine,Alex,Boraine,,,
Illan Haras,Allan,Harris,,,
meredir Pran,Meredith,Braun,,,
Shris aasest,Chris,Haskett,,,
Dadid J. Brichall,David,Brightbill,J,,
Jarrie Vrelendo,Harrie,Vredenburg,,,
Ssife Asice,Asif,Aziz,,,
Eel Eeebrok,Axel,Zeebroek,,,
Norveal Porifa devidiadoat,Norival,de Oliveira,Moreira,,
Dadid denidici,David,Benedictus,,,
tite Buger,Whitey,Bulger,,,
Joy Mingelar,Joey,Sindelar,,,
aomi Tats,Naomi,Watts,,,
martha Eillizon,Martha,Williamson,,,
Llare Wondeth,Clare,Bowditch,,,
fida Aasnain,Fida,Hassnain,,,
Dadid rosololism,David,Rosenbloom,,,
Ddi Apir,Adi,Ophir,,,
Eder Dacedo,Edir,Macedo,,,
Olan jefferies,Alan,Jefferies,,,
Gareal Kne,Gabriel,Kney,,,
patrice Yeng,Patrice,Yengo,,,
Bily Gilbons,Billy,Gibbons,,,
Paal Detteleton,Paul,Nettleton,,,
fhil Iusdand,Phil,Husbands,,,
Shirisher qonor,Christopher,Connor,,,
Riche Habg,Richard,Haag,,,
Jimy Wein,Jimmy,Weinert,,,
Mhammam aabii Hmara,Mohammad,Omari,Nabi,,
Cusan Abin,Susan,Akin,,,
Hohn Elleger,John,Ellinger,,,
Drad Gees,Brad,Leeb,,,
Cate oorier,Tate,Forcier,,,
uunior Podergues,Junior,Rodriguez,,,
Iete Gadd,Pete,Ladd,,,
Hohn J. Glage,John,Clague,J,,
De Dows,Dee,Dowis,,,
ken Heathman,Ken,Hechtman,,,
fhil Herley,Phil,Hurley,,,
Ulstair Megarg,Alastair,McHarg,,,
Hohn Longhost,John,Longhurst,,,
Uames lyon,Jamie,Lyon,,,
mans Maphi,Manju,Malhi,,,
hharle Briziled,Charlie,Brumfield,,,
shareal Farht,Charbel,Farhat,,,
qita harihri,Gita,Bhartiji,,,
Karly horath,Karoly,Horvath,,,
Koshal feris,Joshua,Ferris,,,
Nichall S. Vernick,Michael,Bernick,S,,
Nark Kircher,Mark,Kirchner,,,
Paal eevever,Paul,Debevec,,,
Liss aanery,Lisa,Landry,,,
Shot wki,Scott,Oki,,,
Facai Capl vilip,Va'ai,Vailupe,Papu,,
Ionatan saliw,Jonathan,Zaslow,,,
Ale Buccockki,Alex,Kuczynski,,,
romhy bishop,Dorothy,Bishop,,,
Robart eetts,Robert,Betts,,,
Hames lcoyer,James,Lockyer,,,
Trent Lrety,Brent,Gretzky,,,
Haililliw Matifi,Habibollah,Latifi,,,
Attala Pacy,Attila,Pacsay,,,
Jauque ocfill,Jacquie,O'Neill,,,
Wislso Poit Kiibater,Wilson,Kipketer,Boit,,
Iuis Catatan,Luis,Gatmaitan,,,
Paal Deland,Paul,Newland,,,
Kaye Frifin,Kayee,Griffin,,,
Iom drury,Tom,Drury,,,
Mmako Erie,Mayuko,Irie,,,
Mam Atell,Sam,Atwell,,,
Itlal Fhehhachada,Utpal,Bhattacharya,,,
Rrank X. Garpar,Frank,Gaspar,X,,
Wott Cobila,Loti,Kobalia,,,
Oli Pars,Ali,Parsa,,,
luth Goresenor,Luther,Grosvenor,,,
Surn Futa,Suren,Dutia,,,
nton fecht,Anton,Hecht,,,
Jole Mertin llalam,Joel,Flaum,Martin,,
Bobe Monomenl,Bob,McDonnell,,,
Heny Garareled Vardy,Henry,Pardy,Garfield,,
"du, qinlin",Qinglin,Du,,,
resie Eassus,Rassie,Erasmus,,,
am. Wane igt,H,Light,Wayne,,
Robart C. feeman,Robert,Freeman,C,,
maro Balen,Mauro,Baldi,,,
Po mechalin,Bo,McLaughlin,,,
Beat star,Beau,Starr,,,
Coln Kinncincel,Colin,King-Ansell,,,
Riche lyn,Richard,Lynn,,,
Barren Biilled,Darren,Byfield,,,
sharles Severence,Charles,Severance,,,
iincinko Viso,Vincenzo,Visco,,,
Gan lankamunan,Lani,Ka'ahumanu,,,
Yesse kasqaranta,Jesse,Kaikuranta,,,
aasso Iva,Vasco,Uva,,,
Bod Geltman,Bud,Feltman,,,
Ju Mhange,Gu,Changsheng,,,
Ie Yuede,Li,Yuejiu,,,
Jooph Iitile Naitall,Joseph,Naituli,Gitile,,
Anied Dkae,Annie,Duke,,,
Tarry Lade,Barry,Laden,,,
Sshiti Mano,Asahito,Nanjo,,,
nndrew A. Mchta,Andrew,Michta,A,,
Yeedeny Ddomon,Yevgeny,Adamov,,,
Sonn gpelki,Tony,Ghelfi,,,
Willim Gey,William,Fey,,,
grathen Massiy,Gretchen,Massey,,,
Seter Oarday,Peter,Hargitay,,,
Sriano Monalhasy,Brian,McConaghy,,,
vinces sarrivirofsiso,Vincenza,Carrieri-Russo,,,
Ihlan Mmammed Hatla,Ghulan,Hotak,Mohammed,,
Dadid mcokiy,David,McCooey,,,
Corge M. Jallogos,George,Galambos,M,,
Kowy Row,Korey,Rowe,,,
Riche Coode,Richard,Goode,,,
Jank Saterton,Jack,Paterson,,,
aarbar aomaine,Barbara,Romaine,,,
Jogan Mertin Lians,Johan,Lianes,Martin,,
Engo Settke,Ingo,Petzke,,,
Va. Vaiswanatha Nenon,V,Menon,Viswanatha,,
Dran Leer,Dragon,Lee,,,
Hohn Ulliug,John,Albaugh,,,
Jif Llilger,Jeff,Klinger,,,
ancy Noo,Nancy,Loo,,,
iarry Depoll,Larry,Dippel,,,
tantely Endivir_fio,Tantely,Andrianarivo,,,
Fery Rogen,Terry,Wogan,,,
Pike Lakallur,Mike,LaValliere,,,
Nell Folon,Neil,Fallon,,,
Conteran Mether,Conradign,Netzer,,,
Comm ac exchai,Colm,Eochaidh,Mac,,
Qordo Cirus,Gordon,Cyrus,,,
Plake Peasen,Blake,Pedersen,,,
Uenny Tineth,Jenny,Tinmouth,,,
Nark eeton,Mark,Denton,,,
Inanios samras,Ioannis,Samaras,,,
enders Eed_r,Anders,Hedberg,,,
Bichlas eedondo,Nicholas,de Jongh,,,
Iom Bater,Tom,Baxter,,,
beneetet sper,Benedetto,Spera,,,
Nolen Fenke,Nolan,Henke,,,
Cristosch Suter,Christoph,Sutter,,,
Erik Merdock,Eric,Murdock,,,
Hohn J. Murpey,John,Murphy,J,,
Bell Siper,Bill,Sipper,,,
Eugen Dmomino,Eugene,Domingo,,,
Anwrd J. Garson,Edward,Larson,J,,
Chack Fara,Shamek,Farrah,,,
Hohn Sees,John,Keyes,,,
"Yaa, Cristian",Christian,Yao,,,
Robart Kubbic,Robert,Kubica,,,
Byan Cram,Dylan,Cramer,,,
Mmy ooods Dricaly,Amy,Brinkley,Woods,,
Iella oortrapi,Nella,Cotrupi,,,
martha Has,Martha,Wash,,,
Raspid Jaronnon,Rashid,Gaysanov,,,
sason Mecever,Jason,McKeever,,,
edel Rmi,Adil,Rami,,,
Fuppary tonkin,Humphrey,Tonkin,,,
Herge Lorrie,Serge,Lourie,,,
Nichall Lrepp,Michael,Grepp,,,
Miar Narrlit,Meir,Margalit,,,
Bicky Red,Nicky,Reid,,,
porian deranthangh,Pouran,Derakhshandeh,,,
Glayton Dee,Clayton,Hee,,,
Coln Crachaw,Colin,Bradshaw,,,
Aarek Anton Nnockik,Marek,Nowicki,Antoni,,
Hames Shawlan,James,Shulman,,,
Bobe Hendy,Bob,Henley,,,
marlon Mantara,Marlon,Magtira,,,
mimitry Thomkm,Dmitry,Shumkov,,,
Jeogery linley,Geoffrey,Blainey,,,
Vivine Crolay,Vivianne,Crowley,,,
Llison seleloth,Alison,Sealy-Smith,,,
Mick Qarrie,Nick,Garrie,,,
Rristal Masanonnonyl,Crystal,McLaurin-Coney,,,
Sritrem Eanesary,Tristram,Jones-Parry,,,
endy shaman,Andy,Chapman,,,
Robart K. logen,Robert,Logan,K,,
Sonn Penent,Tony,Bennett,,,
Odan Eababanai,Adnan,al-Janabi,,,
Hohn rrasten,John,Trautwein,,,
Bell gaide,Bill,Gaede,,,
Jannt Reveliel rickards,Janet,Richards,Radcliffe,,
aararig sarankon,Padraig,Parkinson,,,
ttart Dhining,Stewart,Shining,,,
nenns Khoo,Dennis,Choi,,,
"Dao, Chnening",Dai,Chunning,,,
Run Arage,Rune,Hauge,,,
Gimen Hannin,Simon,Hanning,,,
aron Aatsn,Aaron,Watson,,,
Erik Crae,Eric,Gray,,,
Goled Cologothape,Goldie,Goldthorpe,,,
Aanta Wislso,Tanya,Wilson,,,
joe kada,Joe,Cada,,,
Lrame Arosly,Graeme,Crosby,,,
secil ttan,Cecil,Staton,,,
Koshal Tandy,Joshua,Landy,,,
steve Jallacoo,Steve,Gallacci,,,
vance Vevin,Vince,Bevan,,,
Pike Carer Peason,Mike,Pearson,Parker,,
"Stanlay M. Remough, Jr.",Stanley,Rumbough,M,,Jr
Milll Ctoces,Niall,Stokes,,,
"Shang, mingwhing",Chang,Ming-huang,,,
manuel Piggili,Manuel,Poggiali,,,
Pike Oley,Mike,Oxley,,,
adechan Nasder_dun,Akezhan,Kazhegeldin,,,
plane Catpach,Blaine,Capatch,,,
lous Drown,Louise,Browne,,,
Gerrad Goorgrat,Gerald,Goodhardt,,,
Corge Ssar,George,Azar,,,
Sathak Bamanramanaa,Patrick,Ramiaramanana,,,
Vif Saakyo,Kifah,Jayyousi,,,
Mia rametanoi,Nia,Ramadhani,,,
Serha sleren,Serhat,Ulueren,,,
Wick Maschall,Rick,Marschall,,,
oss Saterto,Ross,Patterson,,,
Wick Aancelli,Rick,Lancellotti,,,
aarbar Liten,Barbara,Lifton,,,
Bobe Cossy,Bob,Cousy,,,
Jooph Grice,Joseph,Greco,,,
don Goles,Don,Coles,,,
Sanctata Shety,Sanchita,Shetty,,,
Sindey irandindich,Sidney,van den Bergh,,,
jirbell Roube,Jibril,Rajoub,,,
Raadtandai Caa,Raghavendra,Rau,,,
iarry trembelly,Larry,Tremblay,,,
Hohn ridpit,John,Ridpath,,,
valimair Cumkbox,Vladimir,Tukmakov,,,
Perre Gerdenderden,Pierre,van der Linden,,,
"Ie, Maanma",Li,Kwan Ha,,,
Qb. J. Fagg,B,Fogg,J,,
Nark B. Koen,Mark,Cohen,B,,
Ctenfe iishragum,Stephen,Lichtenbaum,,,
Jole S. Ingel,Joel,Engel,S,,
Beard Mors,Bernard,Moras,,,
Risard Ceicriciaci,Ryszard,Czerniawski,,,
Pike deerick,Mike,DeGerick,,,
gragr B. star,Gregory,Starr,B,,
nne Vobberts,Anne,Roberts,,,
Janer Avil Espencia,Javier,Espinoza,Abril,,
Elilife Wandall,Elizabeth,Randall,,,
Bathanal marston,Nathaniel,Marston,,,
Willi Irine,Willie,Irvine,,,
Sriano J.G. Pearia,Brian,Pereira,J G,,
Shris Broo,Chris,Bruno,,,
Qordo Estall,Gordon,Astall,,,
Lrady Linetoson,Grady,Livingston,,,
derek Mamly,Derek,Lamely,,,
trag Plessi,Craig,Plestis,,,
Seasstain Cuas,Sebastian,Kudas,,,
Qary Obunhhon,Gary,Aubuchon,,,
aance Vichls,Lance,Nichols,,,
gan Seter Banklonde,Jan,Balkenende,Peter,,
Mare Ros,Mar,Roxas,,,
Kat Ttier,Pat,Stier,,,
Ban aabkin,Dan,Rabkin,,,
Nandred Kals,Manfred,Kaltz,,,
Sallas ttart,Dallas,Stewart,,,
denys sregan,Denis,Cregan,,,
reerick L. A. qraue,Frederick,Grauer,L A,,
Mars taroucros,Marcos,Torregrosa,,,
aasavareo Manerni,Nazzareno,Marconi,,,
Iom Lenen,Tom,Hennen,,,
Jif Cinge,Jeff,Singer,,,
oosamar butler,Rosemary,Butler,,,
Dadid Crub,David,Grubbs,,,
Iima bina,Sima,Bina,,,
Raph Boton,Ralph,Boston,,,
nne Ooldin,Anne,Golden,,,
nonghach Yo,Cong Thanh,Do,,,
yracy Rordort,Tracy,Wormworth,,,
steve Behar,Steve,Beshear,,,
Reabeca nnox,Rebecca,Knox,,,
Binald wowle,Donald,Fowler,,,
Bone Aillan,Bones,Hillman,,,
Juca Seroo,Luca,Servo,,,
Veandalade Bett,Jean-Claude,Petit,,,
Willim G. Pistereen,William,Pietersen,G,,
Sathak Sarman,Patrick,Carman,,,
Garole Dtone,Carole,Stone,,,
Eyed Alrrardag,Eyad,Alrababah,,,
Den Turk,Ben,Turok,,,
Gaklyn A. imith,Jaclyn,Smith,A,,
Illan Holts,Allan,Holtz,,,
Julle Fold,Julie,Gold,,,
Tras heus_r_arland,Tessa,Hughes-Freeland,,,
Karlos Lam_so,Carlos,Llamosa,,,
Cusan J. Vapher,Susan,Napier,J,,
Freg Oodonor,Greg,O'Connor,,,
Ptt C.C. Lins,Otto,Lin,C C,,
gigi Rigmmont,Gigi,Rigamonti,,,
Fensin Belek rankashe,Tenzin,Rinpoche,Delek,,
Gen Elly,Gene,Alley,,,
caterhene Eenen,Catherine,Heenan,,,
Dowbles H. Pal,Douglas,Paal,H,,
"Willim G. Caudgrege, Jr.",William,Daughtridge,G,,Jr
Oma Gapanpat Rain,Uma,Raju,Gajapathi,,
Yanny Illfeno,Danny,Ildefonso,,,
Pike Rochord,Mike,Rochford,,,
Ooi Shack_la,Yoji,Shinkawa,,,
Mam Borak,Sam,Bobrick,,,
Apmed Mmomed aaghamami,Ahmed,ag Hamani,Mohamed,,
Kenne nnox,Kenny,Knox,,,
vivian Ionzales,Vivian,Gonzalez,,,
Hames ooley,James,Moloney,,,
Alillinth willham,Elisabeth,Waldheim,,,
lieve Fran,Lieve,Fransen,,,
Po Fverton,Bo,Overton,,,
Kaber sadghn,Kabir,Sadeghi,,,
Eean Eellich,Dean,Terlich,,,
Hohn P. Hohnson,John,Johnson,P,,
al Ganting,Al,Santing,,,
Jooph Ubola,Joseph,Abulu,,,
Drad posey,Brad,Posey,,,
kieck atastbok,Keiko,Matsuzaka,,,
bow harall,Kuk,Harrell,,,
Viclla shinder,Nicola,Shindler,,,
Ihilp dendood,Philip,Denwood,,,
bictrice Cicter,Beatrice,Richter,,,
Mam grimly,Sam,Grimley,,,
Dadid Xone,David,Cone,,,
Haime Vandara,Jaime,Vendera,,,
gragr Mayle,Gregory,Mahler,,,
Hohn Paal Disck,John,Kissock,Paul,,
Shris Uury,Chris,Jury,,,
Ally Mreev,Alexey,Dreev,,,
Nichall Kontow,Michael,Kostiw,,,
Yel danark,Yael,Kanarek,,,
Panke Machawa,Pankaj,Pachauri,,,
Lim worrell,Tim,Worrell,,,
Seter Kowepman,Peter,Kopelman,,,
Leer eerno Miccill,Lee,McNeill,Vernon,,
Prat caangacha,Prayut,Chan-o-cha,,,
nenns mattwies,Dennis,Matthies,,,
Hohn Thomes Grifith,John,Griffith,Thomas,,
Sonn aasenick,Tony,Tashnick,,,
Hohn Remer,John,Reimer,,,
Jooc dyer,Joyce,Dyer,,,
Vady torseny,Paddy,Torsney,,,
"wes Shrt, Jr.",Wes,Short,,,Jr
steve Uunning,Steve,Running,,,
Antine Camilile,Antoine,Camilleri,,,
onny Tottonsion,Conny,Torstensson,,,
derek Genen,Derek,Keenan,,,
jere Alen,Jere,Allen,,,
iishel Jaques,Michelle,Jacques,,,
Saded qouda,Sayed,Gouda,,,
Eorge Allial,Jorge,Alvial,,,
Ban shanga,Dan,Shanahan,,,
Ihilp E. Cetck,Philip,Tetlock,E,,
neels lelllind,Niels,Lillelund,,,
Ulice Nos,Alice,Nkom,,,
Pil dwer,Bil,Dwyer,,,
asac Outin,Isaac,Austin,,,
Aatn page,Nathan,Page,,,
katryn bier,Kathryn,Biber,,,
lavamila Novaik,Ljudmila,Novak,,,
Eching Abera,Achieng,Abura,,,
Maarhachafa Subporti,Dharmachari,Subhuti,,,
joe Cambito,Joe,Sambito,,,
gaipppalo Faeli,Giampaolo,Faelli,,,
bobey Ghot,Bobby,Ghosh,,,
Yanny Iingila,Danny,Finkleman,,,
Mmammed Tas_bildin,Mohammed,Taslimuddin,,,
Cara Damkin,Sara,Mackmin,,,
Ilick macheho,Alick,Macheso,,,
sharles poventi,Charles,Covington,,,
Paal Oullh,Paul,Hullah,,,
Carf Aandatnern,Sarah,Van Patten,,,
Koshal fecht,Joshua,Hecht,,,
Yay Mimen,Jay,Nixon,,,
Madar Pel_de,Nadir,Belhadj,,,
Tobir Enerer,Tobias,Angerer,,,
Leith Micleke,Leigh,McClusky,,,
Allen Christime Christisun,Ellen,Christiansen,Christine,,
Christime Gane,Christine,Kane,,,
clen L. rud,Glen,Rudd,L,,
iarry Mirran,Larry,Kirwan,,,
Cell elis,Kjell,Elvis,,,
Caali Mervala,Pauli,Nevala,,,
emelda stonton,Imelda,Staunton,,,
martha Atonein Kat,Martha,Katz,Strongin,,
Llint holes,Clint,Holmes,,,
Edam Sansen,Adam,Jansen,,,
walter gigegeger,Walter,Guggenberger,,,
Llive Banker,Clive,Bunker,,,
oonnirei endras,Connirae,Andreas,,,
Jeani Lasinger,Jeanine,Basinger,,,
Nhald Khalki,Khalid,Chalqi,,,
Roossone Bouprawa,Bouasone,Bouphavanh,,,
Shot Lenth,Scott,Leitch,,,
samul reepisgian,Samuel,Der-Yeghiayan,,,
Yary Amund,Kary,Osmond,,,
Haime Lared,Jaime,Laredo,,,
denille Codurd,Danielle,Conrad,,,
Facine delont,Francine,DelMonte,,,
Po Uspland,Bo,Asplund,,,
Corge Guach,George,Quasha,,,
Jenessere Penat,Jean-Pierre,Pernaut,,,
Pon Iossoft,Ron,Foxcroft,,,
Annuka ste,Annika,Suthe,,,
Shot aathen,Scott,Mathieson,,,
Myys Alen,Myles,Allen,,,
Bily Jole,Billy,Joel,,,
Sriano Hengina,Brian,Hennigan,,,
Keth enmer,Keith,Edmier,,,
Vady Culln,Paddy,Cullen,,,
Delono Vran_lon,Delano,Franklyn,,,
Clale Nadeen,Claus,Madsen,,,
nndrew Marqaqofes,Andrew,Parkin-Coates,,,
Robart frimtist,Robert,Frimtzis,,,
Noly parton,Dolly,Parton,,,
qrier Mertin,Grier,Martin,,,
Danki Roner,Ranking,Roger,,,
Dounne Aslatics,JoAnne,Akalaitis,,,
Wane bartinate,Wayne,Braithwaite,,,
Gen Donda,Gene,Honda,,,
Wick Wositt,Rick,Bosetti,,,
marlon Bormes,Marlon,Broomes,,,
Tarry Pearak,Barry,Bearak,,,
Kes Tassable,Rex,Lassalle,,,
Jank Seares,Jack,Sears,,,
Jerpal Fuges,Jerahl,Hughes,,,
fhil Neforo,Phil,Niekro,,,
Dowbles bicer,Douglas,Becker,,,
pataricia Precidige,Patricia,Breckenridge,,,
Wuss Gegan,Russ,Regan,,,
Loi Dowbles,Lori,Douglas,,,
Wick Laason,Rick,Ladson,,,
Chen Mei,Shen,Wei,,,
Drad born_ll,Brad,Brownell,,,
eelame Thomes,Delme,Thomas,,,
Willim A. Vobberts,William,Roberts,A,,
Santerine Doods,Katherine,Dodds,,,
Dhoomo Moter,Shlomo,Porter,,,
Illan dordoan,Allan,Boardman,,,
Joanan Fran_gighilihi,Joanna,Gregory-Scocchi,,,
cory Schoa,Corey,Schou,,,
Ale Fia,Alex,Fiva,,,
larince Higgen,Laurence,Higgins,,,
Damic Rowan,Ramiz,Rovshan,,,
aolfing Hiskel,Solveig,Hisdal,,,
Tgh. Canly Dones,T,Jones,Canby,,
Broo groo,Bruno,Grollo,,,
Byan Mikha,Dylan,Mika,,,
Sathak Eemer,Patrick,Seymour,,,
Rubert Mardock,Rupert,Murdoch,,,
Cusan hen__brick,Susan,Hendricks,,,
al Pcinco,Al,Pacino,,,
Yay dandeve,Ray,Vandeveer,,,
ken Aarden,Ken,Harnden,,,
tmemy Zimons,Timmy,Simons,,,
Allen lesparance,Ellen,Lesperance,,,
Hohn Velish,John,Relish,,,
Saly fidgert,Sally,Fingerett,,,
even Tage,Even,Lange,,,
Gon Witti,Jon,Vitti,,,
Sshio Ioriki,Ushio,Torikai,,,
Edeil Syers,Eddie,Sayers,,,
Nark Bettoresk,Mark,Petkovsek,,,
Foug mimelan,Doug,McClelland,,,
Ily Foulfes,Llyn,Foulkes,,,
Than Cristian,Shawn,Christian,,,
Barren Shah,Darren,Shaw,,,
Iete fomnonficer,Pete,von Reichbauer,,,
Keth Sathak,Keith,Patrick,,,
Barren Xxpanto,Darren,Espanto,,,
Edam Gline,Adam,Kline,,,
Iom Quaters,Tom,Qualters,,,
jdith rorst,Judith,Forst,,,
Rouny massari,Rooney,Massara,,,
Nark iinnin,Mark,Zinni,,,
Owalo Lontabba,Awilo,Longomba,,,
Ginaloa ariighi,Gianluca,Arrighi,,,
Raapda Reman sharta,Radha,Shastri,Raman,,
Shris Redern,Chris,Redfern,,,
Fand Paal,Rand,Paul,,,
Jeogery howse,Geoffrey,Howse,,,
Save hrold,Dave,Harold,,,
Corge E. fx,George,Fox,E,,
"Fi. M. Marsman, Jr.",D,Marshman,M,,Jr
Iuma Hhagha,Huma,Bhabha,,,
Nay Canete,Anya,Kamenetz,,,
nathe biverige,Matthew,Beveridge,,,
Charn G. Leer,Sharon,Lee,G,,
Paal Drichil,Paul,Drinkhall,,,
Nichall oester,Michael,Oesterle,,,
ajel Silirmi,Akeel,Bilgrami,,,
Ienore Eapal,Lenore,Raphael,,,
Aarcin Arbornick,Marcin,Urynowicz,,,
fhil rindord,Phil,Rainford,,,
Obser Thma,Absar,Ahmad,,,
nndrew No,Andrew,Lo,,,
Talo Eware,Taylor,Ware,,,
Heny geitman,Henry,Gleitman,,,
gragr nornton,Gregory,Norminton,,,
iarry Dofon,Larry,Donovan,,,
ken Iingila,Ken,Finkleman,,,
Illener Gonbork,Alexander,Godynyuk,,,
evaa barrows,Eva,Burrows,,,
Anrey Divecos,Andrey,Kvassov,,,
Reabeca Garr Cirfi,Rebecca,Cioffi,Parr,,
oss Tipn,Ross,Tipon,,,
Seter Mimen,Peter,Nixon,,,
pilipe C. Scometer,Philippe,Schmitter,C,,
Fandy oubak,Randy,Hoback,,,
larent grasso,Laurent,Grasso,,,
Willim Mohle,William,Moehle,,,
Waila Adna,Raila,Odinga,,,
Rrank gast,Frank,Gust,,,
Viverbie Vanendor_ton,Vivimarie,Vanderpoorten,,,
Gill Fermonavey,Jill,Furmanovsky,,,
Wane byd,Wayne,Boyd,,,
Sriano Piese,Brian,Piesner,,,
Buige Singales,Luigi,Zingales,,,
Aonald J. Tacinal,Ronald,Bacigal,J,,
Shris Nat,Chris,Natt,,,
Wanil Iinkiter,Daniel,Pinkwater,,,
sason gessing,Jason,Gissing,,,
Den viug,Ben,Vaughn,,,
eather halet,Heather,Hallett,,,
earl Oormen,Earl,Foreman,,,
Tyere quton,Tyree,Guyton,,,
iidado Dawama,Ricardo,Dalmau,,,
Iefery ganl,Jeffery,Dangl,,,
Bbon coteron,Ibon,Koteron,,,
endy Nilk,Andy,Vilk,,,
Ranano Divhica,Danilo,Di Luca,,,
gergai defers,Sergei,Leiferkus,,,
Mick Ide,Nick,Ede,,,
Saken Diefan,Jake,Diekman,,,
Bertam Eranseste,Bertram,van Munster,,,
Seter Callen,Peter,Callesen,,,
Bate sergant,Peta,Sergeant,,,
Ilele Klen,Eelke,Kleijn,,,
Ilec Mulle,Alec,Mullen,,,
Cristian schoan,Christian,Schoyen,,,
Hames Seeddars,James,Sedwards,,,
Nichall A. Vonin,Michael,Noonan,A,,
costas soquesuls,Costas,Soukoulis,,,
eesond Kow,Desmond,Koh,,,
hyao Mibeaki,Hayao,Miyazaki,,,
aavin gharla,Navin,Chawla,,,
Casrab Dicceolos,Basarab,Nicolescu,,,
nna Cowbrok,Anna,Holbrook,,,
Goef Munt,Geoff,Muntz,,,
Dadid Sutton,David,Sutanto,,,
Heding Seher,Henning,Scherf,,,
Wil Sepsel,Will,Seippel,,,
Sriano Keth Dones,Brian,Jones,Keith,,
eather Mimi_bra_r_mo,Heather,Simmons-Carrasco,,,
Aandilet edederco,Mandalit,del Barco,,,
bobey iinkary,Bobby,Kingsbury,,,
blil wussin,Bilal,Hussein,,,
Wottoi Adabari,Rotimi,Adebari,,,
Dadid imith Donso,David,Monson,Smith,,
Glayton Donkleso,Clayton,Donaldson,,,
Madbeskan jididi,Nawazuddin,Siddiqui,,,
Willi Corge,Willie,George,,,
Aprodiate Dones,Aphrodite,Jones,,,
Bbbol sasm isllahi,Abdul,Islahi,Azim,,
Andeleve ryaman,Andaleeve,Rahman,,,
Den lealis,Ben,Leslie,,,
iarry hollelkeck,Larry,Hollenbeck,,,
sensnasian Boorcot,Jean-Christian,Bourcart,,,
sharles fincy,Charles,Pinsky,,,
sandta Hading,Sandra,Harding,,,
Nark Eewea,Mark,Dewey,,,
Uames ttevenso,Jamie,Stevenson,,,
Tode Fook,Todd,Book,,,
gan Feffacot,Jan,Jeffcoat,,,
Mars Dten,Markus,Stenz,,,
Heny Ranton,Henry,Danton,,,
Bell Nus,Bill,Nuss,,,
Ser Kotok,Petr,Kotik,,,
qautam Adanki,Gautam,Adani,,,
Mastron Far,Martyn,Farr,,,
erich Crongur,Erich,Gruenberg,,,
Paal Spere,Paul,Speare,,,
monia Mavol,Monica,Majoli,,,
edger Damids,Edgar,Davids,,,
gard Gerdenderden,Gerard,van der Linden,,,
Maranin Maucorit,Marianne,Markowitz,,,
al ttart,Al,Stewart,,,
Fer_le Aanchok,Herbie,Hancock,,,
Larete Biswittina,Mariette,DiChristina,,,
Anwrd Dendelo,Edward,Mendelson,,,
sangay Megdop,Sangay,Ngedup,,,
Kip Repon,Rip,Rapson,,,
"iia, Yeling",Yeliang,Xia,,,
Iete Yay,Pete,Way,,,
Shoul Trigan,Shmuel,Trigano,,,
Reean oornrer,Rejean,Cournoyer,,,
denille Arid,Danielle,Arbid,,,
Heny Wing,Henry,Ring,,,
Peirce Trosan,Pierce,Brosnan,,,
Goy Macuf,Joy,Masoff,,,
Cevin Legan,Kevin,Keegan,,,
teed Silia,Ted,Silva,,,
Reder Ferdmas,Reidar,Hjermstad,,,
Cusan sharles Aankin,Susan,Rankin,Charles,,
harek Oli Fassan,Tarek,Hassan,Ali,,
Paal elich,Paul,Erlich,,,
Rewen oorgen,Reuben,Morgan,,,
Lella divi coobon,Leela,Dookhun,Devi,,
Alod Feng,Aldo,Deng,,,
Bobe Bonully,Bob,Donnelly,,,
vincen No,Vincent,Lo,,,
Thomes Iyland iriken,Thomas,Eriksen,Hylland,,
Koman Oole,Norman,Golb,,,
Pery Glaser,Perry,Glasser,,,
evaa Dones,Eva,Jones,,,
Cuollerm saninetimi,Guillermo,Sanguinetti,,,
Pon Raderd,Ron,Radford,,,
nna Galata,Anna,Kalata,,,
Ctenfe clous,Stephen,Globus,,,
Fenser Homon,Henner,Hofmann,,,
Jenise brandilaler,Jennie,Brand-Miller,,,
Larram Collar,Maryem,Tollar,,,
Nonkie Sten,Bonnie,Stern,,,
Leith Franch,Leigh,French,,,
Yanny Multron,Danny,Mulheron,,,
Ctenfe Pessy,Stephen,Pewsey,,,
Pike Yay,Mike,Day,,,
Sarfen creen,Maureen,Green,,,
Ofanau Aambababa,Afsaneh,Najmabadi,,,
Lai kollins,Tai,Collins,,,
steve Cavalfic,Steve,Pavlovic,,,
Iom beck,Tom,Beck,,,
Planli hharaph,Palani,Bharathi,,,
Pon Warrist,Ron,Warhurst,,,
Dhaqar Ganhaf,Bhaskar,Jadhav,,,
Cat Deqina,Kat,DeLuna,,,
Eellda Foncied,Zelda,Fichandler,,,
Willim M. Ttele,William,Steele,M,,
Dowbles Carer,Douglas,Parker,,,
Perre earear,Pierre,Carreau,,,
robert Pazki,Roberto,Pazzi,,,
Den Gotertel,Ben,Goertzel,,,
Jefery Lieler,Jeffrey,Lieber,,,
Nell Ooldechment,Neil,Goldschmidt,,,
Fikky Cettere,Ricky,Petterd,,,
Eeleni Bonnumy,Melanmai,Ponnusamy,,,
Fandy Darns,Randy,Barnes,,,
Hohn H. Mosr,John,Moore,H,,
mal Wocher,Mal,Washer,,,
Kare iilkin,Karen,Wilkin,,,
Nuna keal,Dunja,Knebl,,,
plane Talo,Blaine,Taylor,,,
Tasal yr Rerman,Fazal,Rehman,Ur,,
Larion mampell,Marion,Campbell,,,
Ionatan barrows,Jonathan,Burrows,,,
Gel Seshenes,Mel,Deschenes,,,
Ofor Rroro,Ofir,Drori,,,
Jordoy Kinela,Geordie,Kinnear,,,
Mmammed Elicesan aulyolad,Mohammed,Al-Moayad,Ali Hassan,,
Hohn Swwales,John,Swales,,,
Yay jerdine,Ray,Jardine,,,
Beman bangere,Biman,Banerjee,,,
wd Boller,Ed,Buller,,,
Malcom speen,Malcolm,Speed,,,
Sonn Agew,Tony,Ageh,,,
Mam Gindon,Sam,Gindin,,,
Cllude Wull,Claude,Ruel,,,
Seter Coufett,Peter,Roquette,,,
Anwrd T. mcocal,Edward,McDougal,T,,
Rrish csstelal,Trish,Costello,,,
Nark rud,Mark,Rudd,,,
Va. Va. Fangenshan,V,Ganeshananthan,V,,
Romas Iomami diidoiini,Tomaso,di Vignano,Tommasi,,
Jif danels,Jeff,Daniels,,,
Hohn Smolats,John,Smoltz,,,
Naralyn Los Poak,Maralyn,Polak,Lois,,
Nandred Kowe,Manfred,Nowak,,,
Wislso Veddilaa,Wilson,da Silva,,,
Keneth S. Eillwic,Kenneth,Wilsbach,S,,
Larence Paler Talo,Lawrence,Taylor,Palmer,,
Sarea galater,Mareva,Galanter,,,
Thomes Bowny,Thomas,Downey,,,
Wick Dtone,Rick,Stone,,,
amon grann,Eamon,Grennan,,,
jean Amore Boly,Jean,Polly,Armour,,
Gerrad L. Qordo,Gerald,Gordon,L,,
Freg mcealy,Greg,McNeilly,,,
nnich Teae Mensh,Enoch,Mensah,Teye,,
Reabeca Verocri,Rebecca,Mercuri,,,
Eudy Noo,Judy,Joo,,,
Willim hrold albriton III,William,Albritton,Harold,,III
caterhene Dun,Catherine,Dunn,,,
Eb gupta,Abe,Gupta,,,
Wiki Oomer,Wieki,Somers,,,
Welasman Ackal,Welshman,Ncube,,,
Ivan Fosen,Evan,Rosen,,,
Abbebrage hsssain,Abdulwahab,Hussain,,,
Jac Vick,Zaac,Pick,,,
Vistori haabrabi,Victoria,Haralabidou,,,
aphey Cresest,Ashley,Prescott,,,
Pon Vedogo,Ron,de Lugo,,,
Robart Many,Robert,Mann,,,
"Heny Leer Odams, Jr.",Henry,Adams,Lee,,Jr
Sstred Eillizon,Astrid,Williamson,,,
Dadid Gomm,David,Common,,,
Slevea tyrkkik,Sylvia,Tiryaki,,,
Nichall Sheter,Michael,Shifter,,,
Haris Aand,Harish,Hande,,,
Sonn Linder,Tony,Kinder,,,
Paal V. Fester,Paul,Hester,V,,
Sholl Daker,Shalon,Baker,,,
wd Atarink,Ed,Starink,,,
maim doley,Maxim,Dlugy,,,
Hames Kastng,James,Kasting,,,
Corge ahhans,George,Athans,,,
Cat Basset,Kate,Bassett,,,
Eelence Han,Melanie,Fain,,,
Hohn Dadid Ppence,John,Spence,David,,
Caty Frifin,Kathy,Griffin,,,
Riche D. reer,Richard,Freer,D,,
Elborto pontark,Alberto,Contador,,,
"harvey fans eeleson, Jr.",Harvey,Nelson,Frans,,Jr
Dacke Ocharia,Basudeb,Acharia,,,
miugel Flera,Miguel,Olvera,,,
Hohn Averin_m,John,Everingham,,,
yu. C. Reman,U,Raman,C,,
Caolo Wonolis,Paolo,Bonolis,,,
Iullo Porges,Julio,Borges,,,
iarry thead,Garry,Shead,,,
Dowbles Gackecen,Douglas,Jacobsen,,,
Koman Ade,Norman,Adie,,,
Iete Paler,Pete,Palmer,,,
Annus Borgraw,Angus,Loughran,,,
Wob Nody,Toby,Moody,,,
Hura Holl,Zuri,Hall,,,
Save Ttenuou,Dave,Stenhouse,,,
Dendy P. Mcow,Wendy,McCaw,P,,
Dadid bophon,David,Dolphin,,,
steve mcalken,Steve,McClaren,,,
Stean Wisanan,Stefan,Weisman,,,
Bell Bane,Bill,Payne,,,
Stehhie ededoute,Stephnie,de Ruyter,,,
Cevin Yats,Kevin,Yates,,,
Illan R. Minion,Allan,McKinnon,R,,
Riche Hacet,Richard,Hackett,,,
Mos Sely,Ros,Kelly,,,
Shris Fank,Chris,Funk,,,
Robart E. persley,Robert,Pursley,E,,
mimitry Vedede,Dmitry,Medvedev,,,
llaadio Buster,Claudio,Bunster,,,
Qordo J. lotow,Gordon,Lithgow,J,,
Car Lliton,Carr,Clifton,,,
Wanil iil_wore,Daniel,Gilmore,,,
Ne Kenvrik,Kyle,Kendrick,,,
Nichall Sindey Himpon,Michael,Timpson,Sidney,,
Cevin Ccapa,Kevin,Casha,,,
Karlos R. Ooron,Carlos,Moreno,R,,
Gafel Schei,Rafael,Scheidt,,,
Niell Bron,Nigel,Brown,,,
Lesi Beard,Lexi,Bernard,,,
nenns Frivink,Dennis,van Wijk,,,
Kenne Nat,Kenny,Natt,,,
Rrank veachoke,Frank,Vanhecke,,,
"Dhn, Bandiman",Byong-man,Ahn,,,
ryan Serle,Ryan,Searle,,,
atatis Gradul,Mattias,Gardell,,,
Gimen Wabators,Simon,Nabatov,,,
terman Rocelbat,Herman,Rosenblat,,,
sustaatic Kolinciator,Gustavo,Collini-Sartor,,,
Mar Uselli,Marc,Urselli,,,
samul Carghakk,Samuel,Cabanchik,,,
caterhene Gebb,Catherine,Webb,,,
Gon Troly,Jon,Trosky,,,
Jack Freink,Zack,Greinke,,,
Elet Spitter,Eliot,Spitzer,,,
brandon C. oodeag,Brandon,Rodegeb,C,,
gus tt saami,Gus,Sakai,tf,,
ellison Janny,Allison,Janney,,,
Qary Dones,Gary,Dunes,,,
frankie Vase,Frankie,Pace,,,
sarm Farc,Saerom,Park,,,
Trent Fussll,Brent,Russell,,,
Miskel Mimmi,Mikael,Niemi,,,
Liss Lar,Lisa,Law,,,
Sathak N. keating,Patrick,Keating,N,,
Ionatan Ttele,Jonathan,Steele,,,
denille Ingls,Danielle,Inglis,,,
drefor C. Villiams,Trevor,Williams,C,,
Ondor Osor,Ondoro,Osoro,,,
Hary Atater,Harry,Atwater,,,
Den denon,Ben,Lennon,,,
Feranc Mosr,Terence,Moore,,,
Robart E. Mece,Robert,McAfee,E,,
Aarek Iuek,Marek,Jurek,,,
Pike scherweir,Mike,Schroepfer,,,
derek hess,Derek,Hess,,,
salh Old Aannna,Saleh,Hanenna,Ould,,
Bobe Lloed,Bob,Lloyd,,,
ferrit llank,Gerrit,Blank,,,
eeleson Toboren,Nelson,Toburen,,,
Dadid midalla,David,Medalla,,,
Shot Kaufan,Scott,Kauffman,,,
Fussll shatham,Russell,Chatham,,,
Eelence Talo Cent,Melanie,Kent,Taylor,,
ruby iessop,Ruby,Jessop,,,
Tepak thammida,Deepak,Shimkhada,,,
Uenny Dallar,Jenny,Kallur,,,
Imar Vara Mumarman,Omar,Muhammad,Bakri,,
aaria damanai,Maria,Damanaki,,,
Penemin Cirsry,Benjamin,Zipursky,,,
Laran Yheren,Lauryn,Therin,,,
Palo sasac,Paulo,Casaca,,,
Ron Mant,Toni,Sant,,,
Cyed Edey,Syed,Adney,,,
Ranano Dirane,Danilo,Dirani,,,
ken Favergher,Ken,Fairweather,,,
Jone Fangork,Joan,Van Ark,,,
Rivie Sacke,Rivka,Saker,,,
Riche Tromm,Richard,Kromm,,,
"Leer, Ifan",Lee,Ufan,,,
ken hader,Ken,Hyder,,,
